Timestamp,MTGO Username,Decklist,Decklist Name,What times would be best for you to play?,Reddit Username (Optional)
10/1/2016 5:04:52,gold02,"3 Elvish Mystic
1 Pathrazer of Ulamog
4 Cloudpost
4 Glimmerpost
3 Conduit of Ruin
1 Desolation Twin
2 Mockery of Nature
4 Artisan of Kozilek
2 Spawnsire of Ulamog
4 Sylvan Scrying
4 Summer Bloom
2 Elvish Piper
2 Weird Harvest
16 Forest
4 Everflowing Chalice
4 Hedron Archive

1 Pathrazer of Ulamog
2 Mockery of Nature
4 Back to Nature
2 Darksteel Garrison
1 Stuffy Doll
4 Timesifter
1 Ruin Processor
",SummerHarvestPost,around 6 AEST,6000j
10/1/2016 8:07:20,IHeartJesus666,"15 Swamp
2 Forest
3 Grim Affliction
4 Sphere of the Suns
3 Infest
4 Mycosynth Wellspring
4 Virulent Wound
4 Ichor Rats
4 Throne of Geth
4 Tumble Magnet
2 Putrefax
4 Contagion Clasp
3 Tezzeret's Gambit
4 Golgari Guildgate

1 Infest
4 Glistening Oil
4 Virulent Plague
",Artifect Control,,I_Heart_Jesus666
10/1/2016 11:55:28,MadOlaf,"4 Frontier Bivouac
2 Savage Knuckleblade
4 Island
4 Frantic Search
4 Temur Ascendancy
7 Forest
1 Zhur-Taa Ancient
3 Vivid Creek
3 Sheltering Ancient
4 Brackwater Elemental
4 Burst Lightning
3 Mountain
4 Elvish Mystic
1 Turn Aside
4 Woodland Wanderer
4 Vivid Grove
4 Vessel of Nascency

2 Creeping Renaissance
2 Arbor Colossus
2 Indrik Stomphowler
3 Turn Aside
2 Autumn's Veil
4 Flametongue Kavu
",Temur Ascendancy,"Mornings, evenings, it varies",madolaf
10/1/2016 13:01:40,TheLastFish,"4 Meandering River
5 Plains
9 Island
4 Aspiring Aeronaut
4 Indomitable Archangel
4 Dispatch
4 Azorius Guildgate
4 Myr Sire
4 Suspension Field
4 Dissipate
4 Myrsmith
4 Vedalken Outlander
4 Aeronaut Tinkerer
2 Dissolve

3 Erase
4 Akroma's Blessing
4 Abzan Advantage
2 Celestial Flare
2 Banisher Priest",WUFinity,3:30 - 9 PM EST,TheLastFish
10/1/2016 20:11:31,Pandorable,"4 Highland Lake
4 Cloudpost
4 Glimmerpost
4 Frontier Bivouac
2 Island
2 Mountain
2 Blighted Cataract
4 Coax from the Blind Eternities
2 Pore Over the Pages
2 Desolation Twin
4 Conduit of Ruin
2 Bane of Bala Ged
4 Anticipate
1 Breaker of Armies
2 Repeal
2 Blaze
3 Ghostfire
4 Frantic Search
4 Herald of Kozilek
4 Brutal Expulsion

2 Barrage Tyrant
2 Nettle Drone
1 Deepfathom Skulker
2 Gravity Negator
1 Breaker of Armies
2 Reverberate
2 Negate
1 Deny Existence
2 Structural Distortion
",UR Eldraziposts,"Fridays to Mondays noon to midnight, Tuesday through Thursday is unpredictable, talk to me one on one",DarkMime77
10/1/2016 23:43:33,Kazaxat,"2 Near-Death Experience
4 Mischievous Poltergeist
1 Underworld Connections
2 Blood Celebrant
2 Brainspoil
2 Imperial Mask
2 Mardu Charm
2 Faith's Shield
3 Diabolic Tutor
1 Utter End
1 Gilded Light
2 Infest
2 Magister of Worth
4 Distress
4 Nomad Outpost
4 Sandsteppe Citadel
6 Swamp
4 Plains
2 Molten Slagheap
4 Vivid Meadow
3 Hymn to Tourach
2 Death Wish
1 Ultimate Price

1 Near-Death Experience
2 Faith's Fetters
1 Nameless Inversion
1 Ultimate Price
1 Infest
3 Memoricide
2 Scrabbling Claws
1 Faith's Shield
1 Winds of Rath
1 Blood Celebrant
1 Utter End
",Near Death Wish,Various times,Kazaxat
10/1/2016 23:59:07,endidymion,"4 Sultai Charm
4 Contingency Plan
4 Corpse Connoisseur
1 Crumbling Vestige
1 Devil's Play
1 Plains
3 Island
4 Frantic Search
1 Mogg Hollows
4 Opulent Palace
1 Pierce Strider
1 Piranha Marsh
4 Sinister Concoction
4 Nyx Weaver
3 Forest
4 Evolving Wilds
4 Vessel of Nascency
4 Animate Dead
2 Swamp
4 Terramorphic Expanse
2 Worldgorger Dragon

4 Negate
4 Naturalize
4 Silence
3 Ultimate Price",BUGorger1.1,,
10/2/2016 0:15:59,Dragonas77,"4 Necrotic Ooze
2 Phyrexian Devourer
2 Triskelion
4 Vessel of Nascency
2 Gather the Pack
3 Drown in Filth
4 Ultimate Price
2 Corpse Churn
3 Corpse Connoisseur
2 Jarad's Orders
2 Warren Weirding
1 Diabolic Tutor
2 Infest
1 Vector Asp
4 Evolving Wilds
4 Foul Orchard
4 Golgari Guildgate
5 Forest
6 Swamp
2 Sign in Blood
1 Pestilence Demon

3 Memoricide
3 Scrabbling Claws
1 Infest
2 Deathmark
2 Naturalize
2 Nature's Ruin
2 Distress
",G/B Necrotic Ooze,5pm EST - 11pm EST,Dragonas77
10/2/2016 12:52:23,Zerve,"4 Cephalid Constable
4 Obsessive Search
4 Evolving Wilds
6 Island
5 Mountain
3 Titan's Strength
4 Elusive Spellfist
4 Jhessian Thief
4 Reckless Charge
4 Slip Through Space
3 Treasure Cruise
3 Fiery Temper
3 Terramorphic Expanse
3 Tormenting Voice
3 Jeskai Elder

1 Burst Lightning
2 Encase in Ice
2 Negate
3 Invasive Surgery
2 Soulblade Djinn
2 Sanguinary Mage
",UR Cephalid Tempo,Anytime ok,Zerve
10/2/2016 13:08:33,Zerve,"4 Cephalid Constable
4 Obsessive Search
4 Evolving Wilds
6 Island
5 Mountain
3 Titan's Strength
4 Elusive Spellfist
4 Jhessian Thief
4 Reckless Charge
4 Slip Through Space
3 Treasure Cruise
3 Fiery Temper
4 Highland Lake
2 Terramorphic Expanse
3 Tormenting Voice
3 Jeskai Elder

1 Burst Lightning
2 Encase in Ice
2 Negate
3 Invasive Surgery
2 Soulblade Djinn
2 Sanguinary Mage
3 Lunar Force
",UR Cephalid s2,,Zerve
10/2/2016 13:18:29,Evilhex,"4 Grapple with the Past
3 Whip of Erebos
4 Hymn to Tourach
4 Vampire Nighthawk
4 Foul Orchard
4 Golgari Guildgate
3 Gatekeeper of Malakir
4 Skinrender
1 Animate Dead
3 Abhorrent Overlord
1 Breaker of Armies
3 Underworld Connections
3 Acidic Slime
1 Sylvan Primordial
3 Ice Storm
3 Opulent Palace
10 Swamp
3 Forest

2 Scrabbling Claws
2 Animate Dead
2 Naturalize
1 Ice Storm
1 Extinction
2 Devour Flesh
2 Distress
3 Infest
",Golgari Connectins,"M-F after 8pm,  Sat and Sun morning/afternoon",
10/2/2016 16:08:24,Pepperized,"7 Island
8 Mountain
4 Curious Homunculus
4 Power Sink
4 Turn/Burn
2 Spellheart Chimera
4 Brutal Expulsion
4 Highland Lake
4 Vivid Creek
4 Dissolve
4 Fact or Fiction
2 Rise from the Tides
4 Staggershock
2 Devil's Play
3 Faithless Looting

4 Disdainful Stroke
3 Negate
4 Scrabbling Claws
4 Slagstorm
",Izzet Counterburn,GMT 18:00,Pepperized
10/2/2016 21:29:03,endidymion,"4 Arcane Spyglass
2 Decree of Justice
4 Devouring Light
4 Guilty Conscience
4 Lost Auramancers
4 Mother of Runes
1 Mystifying Maze
4 Nevinyrral's Disk
4 New Benalia
4 Not Forgotten
14 Plains
1 Pursuit of Knowledge
1 Quicksand
2 Scrabbling Claws
4 Secluded Steppe
3 Stuffy Doll

2 Celestial Purge
3 Purify the Grave
4 Reciprocate
4 Revoke Existence
2 Karma",StuffyMWC,,
10/2/2016 22:37:43,Ethae,"4 Swamp
4 Masked Admirers
3 Llanowar Elves
4 Elvish Mystic
3 Civic Wayfinder
3 Fyndhorn Elves
4 Elvish Visionary
4 Elves of Deep Shadow
3 Viridian Emissary
16 Forest
2 Read the Bones
4 Shaman of the Pack
2 Gempalm Strider
4 Imperious Perfect

4 Acidic Slime
4 Cremate
3 Scrabbling Claws
4 Viridian Shaman
",Elfball,"6-9PM Weeknights, Central Standard (US)",higherbrow
10/3/2016 18:37:27,QuickAGiantRabbit,"23 Island
1 Anticipate
4 Essence Scatter
2 Dread Statuary
1 Void Snare
1 Negate
2 Remove Soul
3 Zephyr Net
1 Griptide
4 Dissolve
2 Nevinyrral's Disk
2 Contradict
2 Devastation Tide
4 Rise from the Tides
1 Syncopate
1 Repeal
2 Whisk Away
4 Fact or Fiction

2 Gainsay
3 Negate
1 Zephyr Net
2 Thunderstaff
3 Flashfreeze
1 Whisk Away
2 Calcite Snapper
1 Devastation Tide
",MUC,After 5pm Central Time,QuickAGiantRabbit
10/3/2016 19:29:14,swahili,"3 Lotleth Troll
2 Jarad's Orders
2 Shriekmaw
4 Necrotic Ooze
1 Pestilence Demon
2 Triskelion
2 Crop Sigil
2 Fleshbag Marauder
4 Foul Orchard
3 Hymn to Tourach
2 Infest
2 Phyrexian Devourer
1 Tooth Collector
4 Grapple with the Past
2 Corpse Churn
2 Vessel of Nascency
3 Drown in Filth
4 Evolving Wilds
4 Golgari Guildgate
6 Swamp
5 Forest

3 Memoricide
4 Ground Seal
1 Acidic Slime
2 Deathmark
2 Infest
2 Pick the Brain
1 Tooth Collector
",GB Ooze,GMT,swahil22
10/3/2016 20:25:19,Kylorin,"1 Bant Charm
3 Brass Squire
1 Dance with Devils
3 Desperate Ravings
1 Island
4 Rupture Spire
1 Haunted Plate Mail
3 Evolving Wilds
1 Jund Charm
4 Kazuul's Toll Collector
1 Mortarpod
2 Mountain
3 Offering to Asha
4 Open the Armory
1 Orim's Thunder
3 Plains
2 Gargoyle Castle
1 Retaliate
1 Riot Control
3 Sunforger
1 Suffocating Blast
1 Sulfurous Blast
4 Wind-Scarred Crag
1 Utter End
4 Vivid Meadow
2 Warleader's Helix
1 Wild Ricochet
1 Zoetic Cavern
2 Raise the Alarm

2 Purify the Grave
2 Exile
2 Orim's Thunder
1 Reroute
3 Sulfurous Blast
2 Tempest of Light
1 Vengeful Dreams
1 Dance with Devils
",Jeskai Sunforger V1,About everytime,Kylorin94
10/3/2016 20:42:47,Pandorable,"4 Merfolk Looter
2 Slagstorm
3 Frantic Search
2 Grixis Charm
4 Submerged Boneyard
2 Fiery Temper
2 Bloodhall Priest
2 Docent of Perfection
3 Crater's Claws
2 Treasure Cruise
1 Rise from the Tides
4 Highland Lake
4 Burst Lightning
1 Blighted Cataract
4 Curious Homunculus
4 Guttersnipe
2 Murder
4 Cinder Barrens
4 Frontier Bivouac
4 Opulent Palace
2 Swamp
",Grixis Spells,"Whenever usually, schedule is hectic",
10/3/2016 22:58:22,JewishGainz,"4 Dreg Mangler
1 Varolz, the Scar-Striped
4 Slitherhead
2 Consume Strength
2 Ultimate Price
2 Lotleth Troll
4 Rakshasa Deathdealer
3 Putrid Leech
4 Heir of Falkenrath
4 Vampire Lacerator
3 Alms of the Vein
4 Woodlurker Mimic
14 Swamp
8 Forest
1 Diregraf Ghoul

3 Naturalize
1 Back to Nature
2 Devour Flesh
1 Deathmark
4 Brain Maggot
2 Gravepurge
2 Cremate
",Bee Gees (Golgari Aggro),"10PM or later on weeknights, afternoons on weekends",jewishgains
10/4/2016 0:23:30,j_meka,"4 Darksteel Juggernaut
2 Chimeric Mass
22 Mountain
2 Burning of Xinye
4 Wildfire
4 Voltaic Key
4 Hedron Archive
4 Talisman of Impulse
4 Cursed Scroll
4 Everflowing Chalice
4 Faithless Looting
2 Worn Powerstone

4 Scrabbling Claws
3 Brittle Effigy
4 Pillage
4 Burst Lightning
",Wildfire v1,11pm and after est,jmeka
10/4/2016 1:23:17,crazybaloth,"4 Balancing Act
2 Diabolic Tutor
4 Abandoned Outpost
4 Bog Wreckage
4 Ruins of Trokair
4 Seafloor Debris
4 Svyelunite Temple
4 Barbed Sextant
2 Terrarion
4 Frantic Search
2 Ith, High Arcanist
4 Errant Ephemeron
4 Riftwing Cloudskate
2 Treasure Cruise
2 Arc Blade
2 Ravaged Highlands
4 Portent
4 Negate

4 Seal of Cleansing
1 Ith, High Arcanist
4 Karma
4 Scrabbling Claws
2 Despise",Balancing Act,,Guido_John
10/4/2016 17:25:33,Dragonas77,"4 Necrotic Ooze
2 Phyrexian Devourer
2 Triskelion
4 Vessel of Nascency
2 Gather the Pack
3 Drown in Filth
4 Ultimate Price
2 Corpse Churn
3 Corpse Connoisseur
3 Jarad's Orders
1 Mischievous Poltergeist
2 Devour Flesh
2 Infest
1 Vector Asp
4 Evolving Wilds
4 Foul Orchard
4 Golgari Guildgate
5 Forest
6 Swamp
1 Sign in Blood
1 Pestilence Demon

3 Memoricide
2 Scrabbling Claws
1 Infest
1 Deathmark
2 Naturalize
2 Nature's Ruin
2 Distress
2 Ground Seal",G/B Necrotic Ooze V2,5 pm EST - 11pm EST,Dragonas77
10/4/2016 19:36:51,Alandorf,"20 Mountain
4 Burst Lightning
4 Jackal Pup
4 Rakdos Cackler
2 Cursed Scroll
2 Volcanic Hammer
4 Incinerate
4 Stoke the Flames
4 Flame Javelin
4 Chandra's Phoenix
2 Goblin Patrol
2 Arc Trail
4 Firedrinker Satyr

1 Pillage
2 Murderous Redcap
2 Flametongue Kavu
1 Hammer of Purphoros
3 Roast
3 Satyr Firedancer
3 Spellshock
",RDW,,badfish0225
10/4/2016 22:21:09,ThereCameAHero,"2 Stormblood Berserker
2 Ashenmoor Gouger
2 Awaken the Ancient
2 Burn the Impure
2 Ember Hauler
3 Skinbrand Goblin
23 Mountain
2 Blood Knight
2 Crag Puca
4 Fanatic of Mogis
2 Village Messenger
2 Frostburn Weird
2 Hearthfire Hobgoblin
2 Nobilis of War
2 Rakdos Cackler
2 Slith Firewalker
2 Ydwen Efreet
2 Thunderous Might

4 Smash to Smithereens
2 Volcanic Strength
2 Act of Treason
2 Flames of the Firebrand
1 Bloodmark Mentor
2 Mindsparker
2 Combust",Devo Red,nights or weekends,therecameahero
10/4/2016 22:29:03,anon1212,"4 Docent of Perfection
4 Take Inventory
4 Murder
1 Trail of Evidence
4 Anticipate
12 Island
9 Swamp
4 Negate
2 Ultimate Price
4 Jace's Ingenuity
4 Treasure Cruise
2 Distress
2 Bad River
4 Dissolve

2 Sphinx of Magosi
4 Infest
1 Underworld Connections
3 Dark Tutelage
1 Spell Shrivel
2 Nivix Barrier
2 Oblivion Strike
",docent,tuesday and wendsday after 9 am pt,
10/5/2016 16:20:50,Dakotarino,"2 Phyrexian Devourer
2 Triskelion
4 Vessel of Nascency
2 Gather the Pack
3 Drown in Filth
4 Ultimate Price
2 Corpse Churn
3 Corpse Connoisseur
2 Jarad's Orders
2 Warren Weirding
1 Diabolic Tutor
2 Infest
1 Vector Asp
4 Evolving Wilds
4 Foul Orchard
4 Golgari Guildgate
5 Forest
6 Swamp
2 Sign in Blood
1 Pestilence Demon
4 Necrotic Ooze

4 Lotleth Troll
1 Drown in Filth
2 Jarad's Orders
2 Infest
2 Sign in Blood
1 Corpse Churn
2 Ground Seal
",GB Necrotic Ooze Combo,4-10 central,dakotastic
10/5/2016 17:00:30,m0o0o0se,"2 Island
1 Drownyard Behemoth
2 Foul Emissary
4 Grapple with the Past
3 Murder
6 Forest
4 Lashweed Lurker
4 Opulent Palace
4 Pilgrim's Eye
2 Priest of the Blood Rite
4 Primal Druid
4 Sultai Charm
4 Evolving Wilds
4 Vessel of Nascency
3 Vexing Scuttler
3 Wretched Gryff
4 Swamp
2 Vivid Grove

1 Drownyard Behemoth
2 Fog
3 Gnarlwood Dryad
2 Mockery of Nature
3 Simic Charm
4 Infest",Sultai Emerge,"11am - 4pm weekdays, eastern time, weekends kind of whenever",jbauer22
10/5/2016 18:01:47,MrCello,"4 Karma
4 Blanket of Night
3 Circle of Protection: White
2 Personal Sanctuary
3 Diabolic Tutor
3 Sign in Blood
4 Oust
3 Winds of Rath
4 Phyrexian Rager
4 Evolving Wilds
4 Last Gasp
7 Plains
13 Swamp
2 Terramorphic Expanse

2 Fate Forgotten
3 Celestial Purge
2 Glare of Heresy
2 Utter End
3 Deathmark
3 Orzhov Charm
",Endless Night,Afternoon UTC-05:00,Cellokun
10/6/2016 17:03:18,BobtheBalder,"4 Animate Dead
12 Swamp
12 Mountain
4 Victimize
4 Insolent Neonate
4 Faithless Looting
4 Olivia's Dragoon
4 Soul Exchange
4 Sire of Insanity
4 Petradon
4 Pathrazer of Ulamog

4 Hellcarver Demon
4 Sphinx of Uthuun
4 Magister of Worth
3 Pelakka Wurm
",Reanimator,,baltel
10/6/2016 17:05:44,bakert99,"
4 Faithless Looting
3 Portent

4 Anticipate
3 Tormenting Voice

4 Frantic Search
3 Read the Runes

4 Worldgorger Dragon
4 Animate Dead
1 Ghitu Fire

3 Negate

3 Treasure Cruise

6 Island
6 Mountain
2 Evolving Wilds
1 Terramorphic Expanse
1 Lantern-Lit Graveyard
1 Waterveil Cavern
4 Piranha Marsh
1 Swamp
2 Crumbling Vestige

2 Disperse
2 Compelling Deterrence
1 Negate
4 Ertai's Meddling
3 Rough/Tumble
3 Scrabbling Claws",Izzet Dragon,UK time (GMT+1) any time,bakert
10/6/2016 18:10:51,Dragonas77,"2 Reap Intellect
2 Infest
4 Dissolve
3 Docent of Perfection
3 Treasure Cruise
3 Rise from the Tides
2 Distress
2 Overwhelming Denial
1 Essence Scatter
1 Remove Soul
4 Fact or Fiction
2 Far/Away
2 Frantic Search
4 Take Inventory
4 Evolving Wilds
2 Ultimate Price
1 Blighted Fen
1 Salt Marsh
4 Submerged Boneyard
8 Island
5 Swamp

2 Distress
1 Far/Away
1 Reap Intellect
1 Docent of Perfection
3 Negate
2 Flashfreeze
1 Infest
4 Scrabbling Claws",U/B Reap,5pm EST - 11pm EST,Dragonas77
10/6/2016 18:53:40,crazybaloth,"3 Wild Mongrel
4 Noose Constrictor
4 Arrogant Wurm
4 Roar of the Wurm
4 Basking Rootwalla
4 Frantic Search
4 Circular Logic
3 Wonder
2 Just the Wind
4 Evolving Wilds
4 Portent
2 Gnarlwood Dryad
4 Thornwood Falls
6 Island
8 Forest

2 Snapback
1 Just the Wind
3 Naturalize
3 Ground Seal
2 Enclave Cryptologist
2 Waterfront Bouncer
2 Isao, Enlightened Bushi
",UG Madness,,Guido_John
10/6/2016 20:36:32,Little,"4 Wildfire
4 Burning of Xinye
4 Everflowing Chalice
4 Burst Lightning
4 Kuldotha Phoenix
4 Chimeric Idol
2 Falter
2 Wind-Scarred Crag
3 Boros Cluestone
4 Boros Keyrune
19 Mountain
3 Fungal Reaches
3 Plains
3 Chained to the Rocks
4 Celestial Purge
4 Sanctum Gargoyle
4 Smash to Smithereens",Wildfire,anytime,DontHaveOne
10/6/2016 22:41:54,j_meka,"4 Locket of Yesterdays
3 Tendrils of Agony
3 Fact or Fiction
4 Nightscape Familiar
4 Frantic Search
3 Peer Through Depths
4 Anticipate
4 Treasure Cruise
4 Rootwater Depths
4 Nagging Thoughts
4 Everflowing Chalice
4 Swamp
9 Island
4 Repeal
2 Waterveil Cavern

4 Curious Homunculus
2 Snapback
3 Prism Ring
3 Coffin Purge
3 Addle",Locket Storm v1,after 11pm est,jmeka
10/6/2016 23:03:42,bakert99,"4 Faithless Looting
4 Portent
4 Anticipate
4 Tormenting Voice
4 Frantic Search
4 Worldgorger Dragon
4 Animate Dead
4 Negate
4 Treasure Cruise
6 Island
6 Mountain
2 Evolving Wilds
1 Terramorphic Expanse
1 Lantern-Lit Graveyard
1 Waterveil Cavern
4 Piranha Marsh
1 Swamp
2 Crumbling Vestige

2 Disperse
2 Compelling Deterrence
2 Ertai's Meddling
3 Rough/Tumble
3 Scrabbling Claws
3 Turn Aside
",Marsh Dragon,UK (GMT+1) any time,bakert
10/7/2016 13:36:59,ConsiderPhlebas,"4 Boon of Erebos
3 Flensermite
3 Flesh-Eater Imp
4 Hymn to Tourach
4 Ichor Rats
3 Mire's Toll
3 Nightmare Lash
4 Plague Stinger
22 Swamp
4 Ulcerate
2 Read the Bones
4 Whispering Specter

2 Cranial Archive
3 Infest
2 Scrabbling Claws
3 Ultimate Price
1 Mire's Toll
4 Phyrexian Vatmother
",Mono Black Infect,After 1900 GMT,NedStarksDad
10/8/2016 16:10:36,Dragonas77,"2 Sudden Death
2 Infest
4 Dissolve
3 Docent of Perfection
3 Treasure Cruise
2 Rise from the Tides
2 Distress
2 Essence Scatter
1 Remove Soul
4 Fact or Fiction
3 Far/Away
4 Anticipate
4 Evolving Wilds
1 Nevinyrral's Disk
3 Ultimate Price
1 Blighted Fen
2 Salt Marsh
4 Submerged Boneyard
7 Island
5 Swamp
1 Extinguish All Hope

1 Distress
2 Memoricide
2 Negate
3 Flashfreeze
2 Infest
4 Scrabbling Claws
1 Nature's Ruin
",Dimir Control,5pm EST - 11pm EST,Dragonas77
10/8/2016 18:21:47,Caretaker72,"4 Greenseeker
4 Elvish Visionary
3 Lotleth Troll
3 Noose Constrictor
4 Fleshbag Marauder
3 Splinterfright
3 Recurring Nightmare
3 Mortal Combat
2 Havoc Demon
4 Shriekmaw
2 Kessig Cagebreakers
2 Ghoultree
5 Forest
5 Swamp
4 Foul Orchard
2 Evolving Wilds
2 Grim Backwoods
2 Svogthos, the Restless Tomb
1 Fertile Thicket
1 Mortuary Mire
1 Pharika's Mender

4 Coffin Purge
4 Darkheart Sliver
3 Caustic Caterpillar
2 Gorgon Recluse
2 Memoricide",BG Nightmare Combat,20:00 GMT,i40ladroni
10/9/2016 15:21:38,QuickAGiantRabbit,"23 Island
1 Anticipate
4 Essence Scatter
2 Dread Statuary
1 Void Snare
1 Negate
2 Remove Soul
3 Zephyr Net
1 Griptide
4 Dissolve
3 Nevinyrral's Disk
2 Contradict
4 Rise from the Tides
1 Syncopate
2 Repeal
2 Whisk Away
4 Fact or Fiction

2 Gainsay
3 Negate
1 Zephyr Net
2 Thunderstaff
3 Flashfreeze
1 Whisk Away
2 Calcite Snapper
1 Nevinyrral's Disk
",The Machine,"After 5pm, and weekends",QuickAGiantRabbit
10/9/2016 16:57:12,crazybaloth,"3 Treasure Cruise
3 Fact or Fiction
3 Sphinx of Uthuun
1 Urza's Factory
4 Anticipate
4 Dissolve
3 Dread Statuary
4 Glimmerpost
3 Nevinyrral's Disk
1 Mystifying Maze
4 Cloudpost
2 Repeal
4 Power Sink
11 Island
2 Phyrexian Ingester
4 Portent
2 Snapback
2 Contradict

4 Scrabbling Claws
2 Devastation Tide
2 Remove Soul
1 Nevinyrral's Disk
4 Flashfreeze
2 Snapback
",monoU 8post,,Guido_John
10/10/2016 9:33:31,Gabbalis,"4 Firewild Borderpost
4 Everflowing Chalice
4 Foriysian Totem
4 Talisman of Impulse
3 Ark of Blight
3 Darksteel Juggernaut
4 Encroaching Wastes
11 Mountain
4 Burning of Xinye
3 Implode
4 Into the Maw of Hell
4 Wildfire
2 Gruul Keyrune
2 Khalni Gem
4 Dwarven Ruins

4 Decree of Annihilation
4 Vandalize
3 Reverberate
4 Ankh of Mishra","I am the Manascrew (Koo, Koo, Kachoo)",,gabbalis
10/10/2016 15:08:12,Kazaxat,"4 Fyndhorn Elves
4 Joraga Treespeaker
4 Impromptu Raid
3 Sandsteppe Citadel
4 Congregation at Dawn
2 Krosan Cloudscraper
2 Pathrazer of Ulamog
2 Llanowar Elves
2 Moldgraf Monstrosity
2 Sylvan Primordial
3 Vessel of Nascency
2 Acidic Slime
2 Karmic Guide
3 Mul Daya Channelers
4 Graypelt Refuge
2 Plains
14 Forest
1 Grove of the Guardian

3 Ground Seal
3 Scrabbling Claws
3 Naturalize
1 Back to Nature
1 Faith's Fetters
1 Acidic Slime
3 Null Chamber
",Impromptu Congregation,Various,Kazaxat
10/11/2016 11:44:02,Spacecrow,"1 Aquamoeba
4 Arrogant Wurm
4 Basking Rootwalla
4 Circular Logic
4 Evolving Wilds
4 Frantic Search
3 Noose Constrictor
4 Roar of the Wurm
2 Thornwood Falls
3 Treasure Cruise
3 Waterfront Bouncer
4 Wild Mongrel
3 Wonder
7 Island
7 Forest
3 Merfolk Looter

3 Acidic Slime
2 Ground Seal
1 Just the Wind
2 Naturalize
3 Negate
2 Scrabbling Claws
2 Remove Soul
",UG Madness,"Weekdays, CET Afternoon/Evening",Vonk76
10/11/2016 16:13:13,fleshgolem,"1 Aetherling
4 Anticipate
2 Masticore
2 Draining Whelk
2 Dungeon Geists
4 Fact or Fiction
4 Glimmerpost
17 Island
4 Power Sink
2 Meloku the Clouded Mirror
2 Rewind
2 Spell Burst
4 Treasure Cruise
4 Cloudpost
4 Man-o'-War
2 Nevinyrral's Disk

2 Devastation Tide
3 Disdainful Stroke
2 Mystic Restraints
1 Dungeon Geists
4 Negate
3 Narcolepsy
",Mono U 8Post,,fleshgolem
10/11/2016 20:22:46,SirPollux,"1 Basilica Screecher
4 Curious Homunculus
2 Elusive Spellfist
4 Evolving Wilds
2 Grixis Charm
2 Highland Lake
3 Incinerate
3 Flame Jab
2 Murderous Compulsion
2 Niblis of Frost
3 Faithless Looting
4 Treasure Cruise
3 Ultimate Price
6 Island
5 Mountain
4 Swamp
2 Vivid Creek
2 Wee Dragonauts
1 Cinder Barrens
3 Burst Lightning
2 Geistblast

2 Cremate
2 Smash to Smithereens
2 Nevinyrral's Disk
2 Slagstorm
2 Deathmark
1 Negate
2 Counterflux
2 Elixir of Immortality
",Grixis Prowess,Weekdays after 5,ThePPB
10/13/2016 0:33:43,spuds314,"4 Mother of Runes
2 Beacon of Destiny
1 Eight-and-a-Half-Tails
2 Sustaining Spirit
4 Pain Seer
2 Skirsdag High Priest
1 Ultimate Price
4 Loam Dryad
2 Utopia Tree
1 Recurring Nightmare
4 Woodland Wanderer
3 Rakshasa Deathdealer
4 Abzan Charm
4 Evolving Wilds
4 Sandsteppe Citadel
5 Forest
3 Plains
3 Swamp
1 Vivid Grove
2 Vivid Meadow
1 Celestial Gatekeeper
3 Distress

4 Coffin Purge
3 Naturalize
2 Gaze of Granite
2 Acidic Slime
2 Marsh Casualties
2 Ultimate Price",Dreadful Nic Fit,Afternoons EST,spuds314
10/13/2016 10:18:35,silasary,"4 Retreat to Emeria
2 Bloodbond Vampire
4 Bojuka Brigand
4 Cliffhaven Vampire
2 Devour in Shadow
4 Drana's Emissary
4 Forsaken Sanctuary
4 Hymn to Tourach
4 Kalastria Healer
9 Plains
3 Serene Steward
3 Vampire Envoy
10 Swamp
2 Vampire Nighthawk
1 Parallax Wave

3 Celestial Flare
4 Memoricide
1 Bloodbond Vampire
3 Parallax Wave
3 Scrabbling Claws
1 Devour in Shadow
",Vampire Allies,>6pm AEST,silasary
10/15/2016 10:51:07,sneakycheese,"2 Evolving Wilds
2 Mystic Monastery
4 Sejiri Refuge
10 Island
7 Plains
3 Repeal
2 Power Sink
3 Diffusion Sliver
4 Sliversmith
2 Winged Sliver
2 Shelter
3 Opaline Sliver
3 Hive Stirrings
3 Drag Under
2 Dissolve
4 Telekinetic Sliver
1 Constricting Sliver
2 Concentrate
1 Blighted Cataract

1 Power Sink
1 Hive Stirrings
1 Drag Under
2 Evasive Action
2 Flashfreeze
1 Diffusion Sliver
2 Psychic Rebuttal
2 Intervene
2 Negate
1 Constricting Sliver
",UWslivers,6pm-10pm EST,
10/15/2016 16:08:31,Dragonas77,"2 Sudden Death
2 Infest
4 Dissolve
1 Docent of Perfection
2 Treasure Cruise
2 Rise from the Tides
2 Distress
2 Essence Scatter
1 Remove Soul
4 Fact or Fiction
3 Far/Away
4 Anticipate
4 Evolving Wilds
1 Nevinyrral's Disk
3 Ultimate Price
1 Blighted Fen
2 Salt Marsh
4 Submerged Boneyard
8 Island
5 Swamp
1 Extinguish All Hope
2 Aetherling

1 Distress
2 Memoricide
2 Negate
3 Flashfreeze
2 Infest
4 Scrabbling Claws
1 Nature's Ruin
",Dimir Control V2,5pm EST - 11pm EST,Dragonas77
10/15/2016 23:58:36,Pastramionbri,"3 Slip Through Space
4 Flensermite
4 Ichor Rats
2 Core Prowler
4 Plague Stinger
4 Evolving Wilds
4 Essence Flux
4 Livewire Lash
1 Rescue from the Underworld
3 Cackling Counterpart
4 Virulent Swipe
2 Displace
2 Thrummingbird
8 Island
9 Swamp
2 Whispering Specter

2 Thrummingbird
2 Core Prowler
1 Cackling Counterpart
2 Displace
1 Rescue from the Underworld
1 Slip Through Space
",UB Infect,8PM-1AM Weeknights ,Pastramionbri
10/17/2016 23:41:12,magma728,"4 Planar Cleansing
4 Battle of Wits
4 Brainspoil
4 Circular Logic
4 Culling Scales
4 Dead Drop
4 Demonic Collusion
4 Despise
4 Devour Flesh
16 Swamp
4 Disdainful Stroke
4 Dissipate
4 Dissolve
4 Shimmering Grotto
3 Salt Marsh
4 Extinguish All Hope
4 Rewind
16 Plains
4 Forsaken Sanctuary
4 Frantic Search
4 Nevinyrral's Disk
4 Immolating Glare
4 Murder
17 Island
4 Hymn to Tourach
4 Power Sink
4 Plea for Guidance
4 Curse of Death's Hold
4 Reciprocate
4 Fact or Fiction
4 Sandsteppe Citadel
4 Sejiri Refuge
4 Spell Burst
4 Spell Shrivel
4 Submerged Boneyard
4 Evolving Wilds
4 Swift Silence
4 Distress
4 Diabolic Tutor
4 Transguild Promenade
4 Treasure Cruise
4 Turn Aside
4 Ultimate Price
4 Utter End
4 Winds of Rath
4 Vivid Meadow
4 Terramorphic Expanse
4 Tranquil Cove
4 Vivid Creek
4 Barter in Blood

4 Grip of Amnesia
4 Infest
3 Memoricide
3 Scrabbling Claws
1 Fated Retribution
",Battle of Wits,7:00-10:00 PM PST,magma728
10/18/2016 17:19:44,Sandcry,"4 Corpsejack Menace
4 Necroplasm
4 Sluiceway Scorpion
4 Entrails Feaster
2 Necropolis Fiend
4 Rotting Rats
4 Slitherhead
4 Despoiler of Souls
3 Devour in Shadow
4 Lotleth Troll
3 Dreg Mangler
9 Swamp
7 Forest
4 Evolving Wilds

4 Memoricide
2 Naturalize
3 Ultimate Price
3 Altar's Reap
3 Fog
",Golgari Counters,Afternoons,-
10/18/2016 20:48:05,swahili,"4 Nefarious Lich
7 Forest
4 Crumbling Vestige
2 Distress
4 Sign in Blood
4 Rampant Growth
4 Summer Bloom
4 Cruel Bargain
4 Zuran Orb
13 Swamp
3 Hymn to Tourach
2 Sickening Dreams
1 Diabolic Tutor
4 Wayfarer's Bauble

4 Naturalize
3 Scrabbling Claws
2 Distress
4 Infest
1 Ground Seal
1 Hymn to Tourach
",Lich Bloom,GMT,swahil22
10/18/2016 23:32:46,GIR799,"4 Anticipate
1 Artisan of Kozilek
1 Blighted Cataract
2 Brutal Expulsion
4 Cloudpost
4 Coax from the Blind Eternities
4 Conduit of Ruin
2 Crater's Claws
2 Desolation Twin
2 Forest
4 Frantic Search
2 Frontier Bivouac
4 Glimmerpost
4 Herald of Kozilek
2 Highland Lake
2 Island
2 Mountain
2 Slagstorm
4 Sylvan Scrying
4 Vivid Grove
4 Void Grafter

1 Artisan of Kozilek
1 Barrage Tyrant
1 Breaker of Armies
2 Brutal Expulsion
1 Deepfathom Skulker
1 Gravity Negator
3 Negate
2 Not of This World
2 Scrabbling Claws
1 Vile Aggregate
",Temur Eldrazi,5 pm ,
10/21/2016 16:37:23,bakert99,"4 Portent
4 Faithless Looting

4 Anticipate
4 Tormenting Voice

4 Frantic Search
3 Read the Runes
1 Flash of Insight

4 Animate Dead
4 Worldgorger Dragon
1 Ghitu Fire

4 Negate

2 Crumbling Vestige
7 Island
6 Mountain
2 Lantern-Lit Graveyard
4 Piranha Marsh
2 Waterveil Cavern


1 Turn Aside
2 Compelling Deterrence
2 Disperse
2 Snapback
2 Ertai's Meddling
2 Rough // Tumble
4 Scrabbling Claws",Cruiseless Dragon,Any time,bakert
10/23/2016 3:43:26,endidymion,"4 Aethermage's Touch
4 Arashin Cleric
4 Augury Owl
2 Man-o'-War
4 Boreal Shelf
4 Geist-Honored Monk
4 Glimmerpoint Stag
2 Island
10 Plains
4 Inquisitor Exarch
2 Precursor Golem
4 Sejiri Refuge
1 Sphinx of Uthuun
4 Turn to Mist
4 Tranquil Cove
1 Relief Captain
2 Brago, King Eternal

2 Enlightened Ascetic
2 Felidar Cub
2 Man-o'-War
4 Stern Proctor
3 Accorder Paladin",UW Touch,,
10/23/2016 12:20:24,bakert99,"4 Portent
4 Faithless Looting
4 Anticipate
4 Tormenting Voice
4 Frantic Search
3 Read the Runes
1 Flash of Insight
4 Worldgorger Dragon
4 Animate Dead
1 Ghitu Fire
4 Negate
2 Crumbling Vestige
2 Lantern-Lit Graveyard
2 Waterveil Cavern
7 Island
6 Mountain
4 Piranha Marsh
Sideboard
2 Compelling Deterrence
2 Disperse
2 Ertai's Meddling
4 Scrabbling Claws
2 Snapback
2 Rough // Tumble
1 Turn Aside",Worldgorger Dragon Combo,Any time,bakert
10/23/2016 13:06:16,magma728,"20 Swamp
4 Despise
2 Braids, Cabal Minion
3 Underworld Connections
4 Gatekeeper of Malakir
4 Vampire Nighthawk
4 Ultimate Price
4 Blighted Fen
3 Liliana's Specter
4 Distress
4 Undead Gladiator
4 Hymn to Tourach
Sideboard
4 Infest
2 Null Brooch
3 Sudden Death
3 Cry of Contrition
3 Scrabbling Claws
",The Gate,5-10 pm PST,magma728
10/23/2016 14:07:19,swahili,"4 Curious Homunculus
4 Mercurial Geists
4 Wee Dragonauts
4 Portent
4 Faithless Looting
3 Obsessive Search
4 Frantic Search
3 Treasure Cruise
3 Uncaged Fury
2 Slip Through Space
4 Evolving Wilds
3 Terramorphic Expanse
9 Island
4 Mountain
2 Snapback
1 Anticipate
2 Negate

2 Judge's Familiar
3 Turn Aside
2 Negate
3 Eldrazi Skyspawner
2 Docent of Perfection
1 Overwhelming Denial
2 Fiery Temper
",Izzet Blitz,GMT,swahil22
10/23/2016 15:50:19,Commeradicore,"4 Animate Dead
4 Faithless Looting
4 Insolent Neonate
4 Olivia's Dragoon
3 Pathrazer of Ulamog
4 Petradon
4 Soul Exchange
4 Victimize
10 Mountain
10 Swamp
4 Sphinx of Uthuun
1 Nefarox, Overlord of Grixis
4 Sire of Insanity

2 Addle
2 Roast
1 Prognostic Sphinx
4 Scrabbling Claws
1 Engulfing Slagwurm
1 Smash to Smithereens
1 Sylvan Primordial
2 Soulblade Djinn
1 Hymn to Tourach
",Sphinx Reanimator,"Evening, 5 to 11 Eastern on Weekdays",Commeradicore
10/23/2016 19:31:06,Lyleswann,"4 Braids, Cabal Minion
4 Nantuko Shade
4 Wicked Akuba
4 Hymn to Tourach
3 Distress
4 Ravenous Rats
4 Pit Keeper
4 Zombify
2 Nantuko Husk
1 Shambling Swarm
2 Festering Goblin
22 Swamp
2 Mire's Toll

Sideboard
4 Barter in Blood
1 Mind Sludge
3 Culling Scales
2 Mesmeric Fiend
2 Plague Sliver
3 Scrabbling Claws
",PennyDreadfulBraids,After 6PM PST,
10/23/2016 20:15:17,Mmurphy123091,"2 Aetherling
1 Docent of Perfection
4 Anticipate
4 Dissolve
4 Fact or Fiction
3 Far/Away
3 Ultimate Price
2 Nevinyrral's Disk
2 Essence Scatter
2 Shadowmage Infiltrator
2 Rise from the Tides
2 Sudden Death
2 Treasure Cruise
1 Remove Soul
7 Island
5 Swamp
4 Submerged Boneyard
2 Salt Marsh
1 Blighted Fen
1 Nephalia Drownyard
4 Evolving Wilds
2 Distress

4 Scrabbling Claws
3 Flashfreeze
2 Negate
2 Infest
2 Devour Flesh
2 Memoricide
",U/B control,after 8 PM,
10/23/2016 20:45:27,Dragonas77,"4 Judge's Familiar
4 Martyr of Frost
2 Neurok Commando
1 Azure Mage
21 Island
3 Calcite Snapper
4 Unified Will
2 Fathom Seer
2 Snapback
4 Nightveil Specter
4 Anticipate
2 Dungeon Geists
1 Tradewind Rider
3 Thassa's Rebuff
2 Sky Hussar
1 Hypnotic Siren

2 Keeper of the Mind
4 Scrabbling Claws
3 Flashfreeze
2 Negate
2 Riptide Pilferer
2 Minister of Impediments
",Mono Blue Martyr, 5mp est to 11 pm est,Dragonas77
10/23/2016 21:32:45,crazybaloth,"4 Devour Flesh
4 Gatekeeper of Malakir
4 Vampire Nighthawk
4 Hymn to Tourach
2 Guul Draz Assassin
4 Vampire Lacerator
4 Indulgent Aristocrat
4 Dark Tutelage
2 Sangromancer
21 Swamp
3 Call the Bloodline
4 Pain Seer

4 Memoricide
2 Scrabbling Claws
1 Drana, Kalastria Bloodchief
2 Mind Shatter
4 Coffin Purge
2 Malakir Bloodwitch
",vampires,,Guido_John
10/24/2016 16:39:49,bakert99,"4 Plaxmanta
4 Riftwing Cloudskate
4 Boon Satyr
4 Bounding Krasis
4 Pack Guardian
1 Mistcutter Hydra

4 Power Sink
3 Syncopate
4 Dissolve
4 Fact or Fiction

4 Evolving Wilds
2 Dread Statuary
9 Island
8 Forest

4 Negate
4 Snapback
4 Scrabbling Claws
3 Mistcutter Hydra",UG Flash,Any Time,bakert
10/24/2016 18:19:07,magma728,"4 Glare of Subdual
1 Cenn's Enlistment
4 Vitu-Ghazi, the City-Tree
4 Graypelt Refuge
4 Sandsteppe Citadel
4 Scion of the Wild
6 Plains
4 Midnight Haunting
2 Cloudgoat Ranger
4 Call of the Herd
4 Selesnya Guildmage
4 Emeria Angel
6 Forest
1 Centaur Glade
4 Thallid Shell-Dweller
4 Selesnya Charm

3 Scrabbling Claws
2 Seed Spark
2 Rootborn Defenses
2 Scragnoth
2 Centaur Healer
4 Reprisal
",Ghazi Glare,5-10pm PST,magma728
10/25/2016 13:12:48,j_meka,"4 Saproling Burst
2 Hammer of Purphoros
4 Basking Rootwalla
4 Wild Mongrel
4 Noose Constrictor
4 Arrogant Wurm
3 Incorrigible Youths
4 Fiery Temper
3 Pandemonium
4 Faithless Looting
4 Rugged Highlands
2 Evolving Wilds
10 Forest
8 Mountain

4 Ground Seal
3 Mistcutter Hydra
4 Burst Lightning
2 Slagstorm
2 Naturalize",RG Madness v1,after 11pm est,jmeka
10/25/2016 16:18:45,benwaeseperlman,"3	Bituminous Blast
2	Burst Lightning
1	Dead Drop
4	Flametongue Kavu
3	Forest
4	Hymn to Tourach
2	Jund Charm
3	Lambholt Elder
2	Mortuary Mire
4	Mountain
4	Mountain Valley
3	Pain Seer
4	Rocky Tar Pit
1	Sapseep Forest
4	Scute Mob
2	Slagstorm
2	Spawning Pool
3	Swamp
4	Ultimate Price
2	Underworld Connections
3	Wrecking Ball

Sideboard:
4	Distress
2	Jund Charm
4	Memoricide
2	Slagstorm
2	Splinter
1	Wrecking Ball
",Jund (work in progress),,
10/26/2016 13:54:52,GONADKING,"2 Nath of the Gilt-Leaf
4 Hymn to Tourach
4 Liliana's Caress
22 Swamp
3 Quest for the Nihil Stone
4 Sangromancer
2 Murder
4 Mind Shatter
2 Last Rites
2 Despise
4 Ravenous Rats
1 Barbed Sextant
4 Blightsoil Druid
2 Wheel of Torture

4 Haunting Echoes
2 Cursed Rack
1 Quest for the Nihil Stone
2 Wheel of Torture
2 Murder
1 Barbed Sextant
2 Nath of the Gilt-Leaf
",PD Blackstuff,Any time,
10/28/2016 21:42:01,Therecameahero,"1 Blighted Fen
4 Dissolve
2 Distress
3 Essence Scatter
4 Evolving Wilds
2 Infest
7 Island
1 Nephalia Drownyard
4 Submerged Boneyard
5 Swamp
2 Treasure Cruise
3 Ultimate Price
2 Aetherling
4 Anticipate
1 Docent of Perfection
4 Fact or Fiction
3 Far/Away
1 Nevinyrral's Disk
2 Rise from the Tides
2 Salt Marsh
2 Sudden Death
1 Extinguish All Hope

2 Devour Flesh
3 Flashfreeze
2 Infest
2 Memoricide
2 Negate
4 Scrabbling Claws",Dimir Control,8pm EST or later,ThereCameAHero
10/29/2016 4:15:22,stash86,"4 Vampire Lacerator
4 Gatekeeper of Malakir
4 Vampire Nighthawk
2 Guul Draz Assassin
4 Indulgent Aristocrat
2 Sangromancer
4 Pain Seer
4 Devour Flesh
4 Hymn to Tourach
3 Call the Bloodline
4 Dark Tutelage
21 Swamp

2 Malakir Bloodwitch
4 Memoricide
2 Scrabbling Claws
1 Drana, Kalastria Bloodchief
2 Mind Shatter
4 Coffin Purge",Bat Sucks,(GMT+9) 0900 - 2200,
10/29/2016 4:25:32,bakert99,"4 Portent
4 Faithless Looting

4 Anticipate
4 Tormenting Voice

4 Frantic Search
3 Read the Runes
1 Flash of Insight

4 Negate

4 Worldgorger Dragon
4 Animate Dead
1 Ghitu Fire

7 Island
6 Mountain
2 Lantern-Lit Graveyard
2 Waterveil Cavern
4 Piranha Marsh
2 Crumbling Vestige
",Worldgorger Dragon Combo 2,UK time,bakert
10/29/2016 21:22:03,wappla,"4 Lambholt Pacifist
3 Woodland Wanderer
4 Bounding Krasis
3 Man-o'-War
2 Wydwen, the Biting Gale
2 Abzan Charm
3 Watchwolf
3 Judge's Familiar
2 Void Grafter
4 Vivid Creek
4 Vivid Grove
4 Vivid Meadow
4 Lyev Skyknight
4 Island
5 Plains
4 Forest
1 Bant Charm
1 Whirler Rogue
2 Eldrazi Skyspawner
1 Thornwood Falls

2 Ground Seal
3 Naturalize
4 Negate
3 Warmth
1 Scrabbling Claws
1 Tajuru Preserver
1 Invasive Surgery
",Bant Company,,
10/30/2016 16:44:00,YOB,"4 Flame Javelin
4 Guttersnipe
2 Dragon Fodder
3 Hordeling Outburst
3 Fiery Temper
4 Burst Lightning
3 Incinerate
3 Staggershock
4 Shrine of Burning Rage
4 Faithless Looting
22 Mountain
2 Shock
2 Tormenting Voice

4 Slagstorm
2 Tormenting Voice
1 Staggershock
1 Shock
1 Incinerate
1 Bolt of Keranos
1 Hordeling Outburst
2 Dragon Fodder
2 Scrabbling Claws
",Mono-Red Goblinsnipe,4-10 pm central,YOBDOOM
10/30/2016 21:03:59,littlefield,"4 Hero of Iroas
4 Fabled Hero
4 Favored Hoplite
4 Phalanx Leader
4 Mother of Runes
4 Defiant Strike
2 Ordeal of Heliod
1 Prison Term
1 Open the Armory
4 Bonds of Faith
1 Armored Ascension
3 Gryff's Boon
4 Shelter
20 Plains

2 Ordeal of Heliod
4 Scrabbling Claws
3 Reprisal
3 Seal of Cleansing
3 Devout Lightcaster
",I NEED A HERO,Idk,Lewlzplaying